,wilayah_kode_bps,wilayah_bps,kodepemda_djpk,namapemda_djpk,skor_kecocokan
0,1101,Simeulue,01.11,Kab. Simeulue,100.0
1,1102,Aceh Singkil,01.04,Kab. Aceh Singkil,100.0
2,1103,Aceh Selatan,01.03,Kab. Aceh Selatan,100.0
3,1104,Aceh Tenggara,01.06,Kab. Aceh Tenggara,100.0
4,1105,Aceh Timur,01.07,Kab. Aceh Timur,100.0
5,1106,Aceh Tengah,01.05,Kab. Aceh Tengah,100.0
6,1107,Aceh Barat,01.01,Kab. Aceh Barat,100.0
7,1108,Aceh Besar,01.02,Kab. Aceh Besar,100.0
8,1109,Pidie,01.10,Kab. Pidie,100.0
9,1110,Bireuen,01.09,Kab. Bireuen,100.0
10,1111,Aceh Utara,01.08,Kab. Aceh Utara,100.0
11,1112,Aceh Barat Daya,01.17,Kab. Aceh Barat Daya,100.0
12,1113,Gayo Lues,01.16,Kab. Gayo Lues,100.0
13,1114,Aceh Tamiang,01.20,Kab. Aceh Tamiang,100.0
14,1115,Nagan Raya,01.19,Kab. Nagan Raya,100.0
15,1116,Aceh Jaya,01.18,Kab. Aceh Jaya,100.0
16,1117,Bener Meriah,01.21,Kab. Bener Meriah,100.0
17,1118,Pidie Jaya,01.22,Kab. Pidie Jaya,100.0
18,1171,Kota Banda Aceh,01.12,Kota Banda Aceh,100.0
19,1172,Kota Sabang,01.13,Kota Sabang,100.0
20,1173,Kota Langsa,01.14,Kota Langsa,100.0
21,1174,Kota Lhokseumawe,01.15,Kota Lhokseumawe,100.0
22,1175,Kota Subulussalam,01.23,Kota Subulussalam,100.0
23,1201,Nias,02.08,Kab. Nias,100.0
24,1202,Mandailing Natal,02.07,Kab. Mandailing Natal,100.0
25,1203,Tapanuli Selatan,02.10,Kab. Tapanuli Selatan,100.0
26,1204,Tapanuli Tengah,02.11,Kab. Tapanuli Tengah,100.0
27,1205,Tapanuli Utara,02.12,Kab. Tapanuli Utara,100.0
28,1206,Toba Samosir,02.13,Kab. Toba Samosir,100.0
29,1207,Labuhan Batu,02.05,Kab. Labuhanbatu,-1.0
30,1208,Asahan,02.01,Kab. Asahan,100.0
31,1209,Simalungun,02.09,Kab. Simalungun,100.0
32,1210,Dairi,02.02,Kab. Dairi,100.0
33,1211,Karo,02.04,Kab. Karo,100.0
34,1212,Deli Serdang,02.03,Kab. Deli Serdang,100.0
35,1213,Langkat,02.06,Kab. Langkat,100.0
36,1214,Nias Selatan,02.22,Kab. Nias Selatan,100.0
37,1215,Humbang Hasundutan,02.23,Kab. Humbang Hasundutan,100.0
38,1216,Pakpak Bharat,02.21,Kab. Pakpak Bharat,100.0
39,1217,Samosir,02.25,Kab. Samosir,100.0
40,1218,Serdang Bedagai,02.24,Kab. Serdang Bedagai,100.0
41,1219,Batu Bara,02.26,Kab. Batu Bara,100.0
42,1220,Padang Lawas Utara,02.28,Kab. Padang Lawas Utara,100.0
43,1221,Padang Lawas,02.27,Kab. Padang Lawas,100.0
44,1222,Labuhan Batu Selatan,02.29,Kab. Labuhanbatu Selatan,76.92307692307692
45,1223,Labuhan Batu Utara,02.30,Kab. Labuhanbatu Utara,74.28571428571429
46,1224,Nias Utara,02.31,Kab. Nias Utara,100.0
47,1225,Nias Barat,02.32,Kab. Nias Barat,100.0
48,1271,Kota Sibolga,02.17,Kota Sibolga,100.0
49,1272,Kota Tanjung Balai,02.18,Kota Tanjung Balai,100.0
50,1273,Kota Pematang Siantar,02.16,Kota Pematang Siantar,100.0
51,1274,Kota Tebing Tinggi,02.19,Kota Tebing Tinggi,100.0
52,1275,Kota Medan,02.15,Kota Medan,100.0
53,1276,Kota Binjai,02.14,Kota Binjai,100.0
54,1277,Kota Padangsidimpuan,02.20,Kota Padang Sidempuan,90.32258064516128
55,1278,Kota Gunungsitoli,02.33,Kota Gunungsitoli,100.0
56,1301,Kepulauan Mentawai,03.03,Kab. Kepulauan Mentawai,100.0
57,1302,Pesisir Selatan,03.06,Kab. Pesisir Selatan,100.0
58,1303,Solok,03.08,Kab. Solok,100.0
59,1304,Sijunjung,03.07,Kab. Sijunjung,100.0
60,1305,Tanah Datar,03.09,Kab. Tanah Datar,100.0
61,1306,Padang Pariaman,03.04,Kab. Padang Pariaman,100.0
62,1307,Agam,03.02,Kab. Agam,100.0
63,1308,Lima Puluh Kota,03.01,Kab. Limapuluh Kota,94.73684210526316
64,1309,Pasaman,03.05,Kab. Pasaman,100.0
65,1310,Solok Selatan,03.19,Kab. Solok Selatan,100.0
66,1311,Dharmasraya,03.18,Kab. Dharmasraya,100.0
67,1312,Pasaman Barat,03.17,Kab. Pasaman Barat,100.0
68,1371,Kota Padang,03.12,Kota Padang,100.0
69,1372,Kota Solok,03.08,Kab. Solok,100.0
70,1373,Kota Sawah Lunto,03.14,Kota Sawahlunto,-1.0
71,1374,Kota Padang Panjang,03.11,Kota Padang Panjang,100.0
72,1375,Kota Bukittinggi,03.10,Kota Bukit Tinggi,95.65217391304348
73,1376,Kota Payakumbuh,03.13,Kota Payakumbuh,100.0
74,1377,Kota Pariaman,03.16,Kota Pariaman,100.0
75,1401,Kuantan Singingi,04.05,Kab. Kuantan Singingi,100.0
76,1402,Indragiri Hulu,04.03,Kab. Indragiri Hulu,100.0
77,1403,Indragiri Hilir,04.02,Kab. Indragiri Hilir,100.0
78,1404,Pelalawan,04.06,Kab. Pelalawan,100.0
79,1405,Siak,04.09,Kab. Siak,100.0
80,1406,Kampar,04.04,Kab. Kampar,100.0
81,1407,Rokan Hulu,04.08,Kab. Rokan Hulu,100.0
82,1408,Bengkalis,04.01,Kab. Bengkalis,100.0
83,1409,Rokan Hilir,04.07,Kab. Rokan Hilir,100.0
84,1410,Kepulauan Meranti,04.12,Kab. Kepulauan Meranti,100.0
85,1471,Kota Pekanbaru,04.11,Kota Pekanbaru,100.0
86,1473,Kota Dumai,04.10,Kota Dumai,100.0
87,1501,Kerinci,05.03,Kab. Kerinci,100.0
88,1502,Merangin,05.04,Kab. Merangin,100.0
89,1503,Sarolangun,05.06,Kab. Sarolangun,100.0
90,1504,Batang Hari,05.01,Kab. Batanghari,95.23809523809523
91,1505,Muaro Jambi,05.05,Kab. Muaro Jambi,100.0
92,1506,Tanjung Jabung Timur,05.08,Kab. Tanjung Jabung Timur,100.0
93,1507,Tanjung Jabung Barat,05.07,Kab. Tanjung Jabung Barat,100.0
94,1508,Tebo,05.09,Kab. Tebo,100.0
95,1509,Bungo,05.02,Kab. Bungo,100.0
96,1571,Kota Jambi,05.00,Provinsi Jambi,100.0
97,1572,Kota Sungai Penuh,05.11,Kota Sungai Penuh,100.0
98,1601,Ogan Komering Ulu,06.06,Kab. Ogan Komering Ulu,100.0
99,1602,Ogan Komering Ilir,06.05,Kab. Ogan Komering Ilir,100.0
100,1603,Muara Enim,06.04,Kab. Muara Enim,100.0
101,1604,Lahat,06.01,Kab. Lahat,100.0
102,1605,Musi Rawas,06.03,Kab. Musi Rawas,100.0
103,1606,Musi Banyuasin,06.02,Kab. Musi Banyuasin,100.0
104,1607,Banyu Asin,06.11,Kab. Banyuasin,-1.0
105,1608,Ogan Komering Ulu Selatan,06.14,Kab. OKU Selatan,-1.0
106,1609,Ogan Komering Ulu Timur,06.13,Kab. OKU Timur,-1.0
107,1610,Ogan Ilir,06.12,Kab. Ogan Ilir,100.0
108,1611,Empat Lawang,06.15,Kab. Empat Lawang,100.0
109,1612,Penukal Abab Lematang Ilir,06.16,Kab. Penukal Abab Lematang Ilir,100.0
110,1613,Musi Rawas Utara,06.17,Kab. Musi Rawas Utara,100.0
111,1671,Kota Palembang,06.07,Kota Palembang,100.0
112,1672,Kota Prabumulih,06.08,Kota Prabumulih,100.0
113,1673,Kota Pagar Alam,06.09,Kota Pagar Alam,100.0
114,1674,Kota Lubuklinggau,06.10,Kota Lubuk Linggau,-1.0
115,1701,Bengkulu Selatan,07.01,Kab. Bengkulu Selatan,100.0
116,1702,Rejang Lebong,07.03,Kab. Rejang Lebong,100.0
117,1703,Bengkulu Utara,07.02,Kab. Bengkulu Utara,100.0
118,1704,Kaur,07.05,Kab. Kaur,100.0
119,1705,Seluma,07.06,Kab. Seluma,100.0
120,1706,Mukomuko,07.07,Kab. Mukomuko,100.0
121,1707,Lebong,07.08,Kab. Lebong,100.0
122,1708,Kepahiang,07.09,Kab. Kepahiang,100.0
123,1709,Bengkulu Tengah,07.10,Kab. Bengkulu Tengah,100.0
124,1771,Kota Bengkulu,07.00,Provinsi  Bengkulu,100.0
125,1801,Lampung Barat,08.01,Kab. Lampung Barat,100.0
126,1802,Tanggamus,08.06,Kab. Tanggamus,100.0
127,1803,Lampung Selatan,08.02,Kab. Lampung Selatan,100.0
128,1804,Lampung Timur,08.05,Kab. Lampung Timur,100.0
129,1805,Lampung Tengah,08.03,Kab. Lampung Tengah,100.0
130,1806,Lampung Utara,08.04,Kab. Lampung Utara,100.0
131,1807,Way Kanan,08.08,Kab. Way Kanan,100.0
132,1808,Tulangbawang,08.07,Kab. Tulang Bawang,-1.0
133,1809,Pesawaran,08.11,Kab. Pesawaran,100.0
134,1810,Pringsewu,08.12,Kab. Pringsewu,100.0
135,1811,Mesuji,08.13,Kab. Mesuji,100.0
136,1812,Tulang Bawang Barat,08.14,Kab. Tulang Bawang Barat,100.0
137,1813,Pesisir Barat,08.15,Kab. Pesisir Barat,100.0
138,1871,Kota Bandar Lampung,08.09,Kota Bandar Lampung,100.0
139,1872,Kota Metro,08.10,Kota Metro,100.0
140,1901,Bangka,29.01,Kab. Bangka,100.0
141,1902,Belitung,29.02,Kab. Belitung,100.0
142,1903,Bangka Barat,29.06,Kab. Bangka Barat,100.0
143,1904,Bangka Tengah,29.05,Kab. Bangka Tengah,100.0
144,1905,Bangka Selatan,29.04,Kab. Bangka Selatan,100.0
145,1906,Belitung Timur,29.07,Kab. Belitung Timur,100.0
146,1971,Kota Pangkal Pinang,29.03,Kota Pangkal Pinang,100.0
147,2101,Karimun,31.03,Kab. Karimun,100.0
148,2102,Bintan,31.07,Kab. Bintan,100.0
149,2103,Natuna,31.01,Kab. Natuna,100.0
150,2104,Lingga,31.06,Kab. Lingga,100.0
151,2105,Kepulauan Anambas,31.02,Kab. Kepulauan Anambas,100.0
152,2171,Kota Batam,31.04,Kota Batam,100.0
153,2172,Kota Tanjung Pinang,31.05,Kota Tanjung Pinang,100.0
159,3175,Kota Jakarta Utara,15.02,Kab. Barito Utara,72.0
160,3201,Bogor,10.03,Kab. Bogor,100.0
161,3202,Sukabumi,10.14,Kab. Sukabumi,100.0
162,3203,Cianjur,10.05,Kab. Cianjur,100.0
163,3204,Bandung,10.01,Kab. Bandung,100.0
164,3205,Garut,10.07,Kab. Garut,100.0
165,3206,Tasikmalaya,10.16,Kab. Tasikmalaya,100.0
166,3207,Ciamis,10.04,Kab. Ciamis,100.0
167,3208,Kuningan,10.10,Kab. Kuningan,100.0
168,3209,Cirebon,10.06,Kab. Cirebon,100.0
169,3210,Majalengka,10.11,Kab. Majalengka,100.0
170,3211,Sumedang,10.15,Kab. Sumedang,100.0
171,3212,Indramayu,10.08,Kab. Indramayu,100.0
172,3213,Subang,10.13,Kab. Subang,100.0
173,3214,Purwakarta,10.12,Kab. Purwakarta,100.0
174,3215,Karawang,10.09,Kab. Karawang,100.0
175,3216,Bekasi,10.02,Kab. Bekasi,100.0
176,3217,Bandung Barat,10.26,Kab. Bandung Barat,100.0
177,3218,Pangandaran,10.27,Kab. Pangandaran,100.0
178,3271,Kota Bogor,10.03,Kab. Bogor,100.0
179,3272,Kota Sukabumi,10.14,Kab. Sukabumi,100.0
180,3273,Kota Bandung,10.01,Kab. Bandung,100.0
181,3274,Kota Cirebon,10.06,Kab. Cirebon,100.0
182,3275,Kota Bekasi,10.02,Kab. Bekasi,100.0
183,3276,Kota Depok,10.21,Kota Depok,100.0
184,3277,Kota Cimahi,10.24,Kota Cimahi,100.0
185,3278,Kota Tasikmalaya,10.16,Kab. Tasikmalaya,100.0
186,3279,Kota Banjar,10.25,Kota Banjar,100.0
187,3301,Cilacap,11.07,Kab. Cilacap,100.0
188,3302,Banyumas,11.02,Kab. Banyumas,100.0
189,3303,Purbalingga,11.20,Kab. Purbalingga,100.0
190,3304,Banjarnegara,11.01,Kab. Banjarnegara,100.0
191,3305,Kebumen,11.12,Kab. Kebumen,100.0
192,3306,Purworejo,11.21,Kab. Purworejo,100.0
193,3307,Wonosobo,11.29,Kab. Wonosobo,100.0
194,3308,Magelang,11.16,Kab. Magelang,100.0
195,3309,Boyolali,11.05,Kab. Boyolali,100.0
196,3310,Klaten,11.14,Kab. Klaten,100.0
197,3311,Sukoharjo,11.25,Kab. Sukoharjo,100.0
198,3312,Wonogiri,11.28,Kab. Wonogiri,100.0
199,3313,Karanganyar,11.11,Kab. Karanganyar,100.0
200,3314,Sragen,11.24,Kab. Sragen,100.0
201,3315,Grobogan,11.09,Kab. Grobogan,100.0
202,3316,Blora,11.04,Kab. Blora,100.0
203,3317,Rembang,11.22,Kab. Rembang,100.0
204,3318,Pati,11.17,Kab. Pati,100.0
205,3319,Kudus,11.15,Kab. Kudus,100.0
206,3320,Jepara,11.10,Kab. Jepara,100.0
207,3321,Demak,11.08,Kab. Demak,100.0
208,3322,Semarang,11.23,Kab. Semarang,100.0
209,3323,Temanggung,11.27,Kab. Temanggung,100.0
210,3324,Kendal,11.13,Kab. Kendal,100.0
211,3325,Batang,11.03,Kab. Batang,100.0
212,3326,Pekalongan,11.18,Kab. Pekalongan,100.0
213,3327,Pemalang,11.19,Kab. Pemalang,100.0
214,3328,Tegal,11.26,Kab. Tegal,100.0
215,3329,Brebes,11.06,Kab. Brebes,100.0
216,3371,Kota Magelang,11.16,Kab. Magelang,100.0
217,3372,Kota Surakarta,11.34,Kota Surakarta,100.0
218,3373,Kota Salatiga,11.32,Kota Salatiga,100.0
219,3374,Kota Semarang,11.23,Kab. Semarang,100.0
220,3375,Kota Pekalongan,11.18,Kab. Pekalongan,100.0
221,3376,Kota Tegal,11.26,Kab. Tegal,100.0
222,3401,Kulon Progo,12.03,Kab. Kulon Progo,100.0
223,3402,Bantul,12.01,Kab. Bantul,100.0
224,3403,Gunung Kidul,12.02,Kab. Gunung Kidul,100.0
225,3404,Sleman,12.04,Kab. Sleman,100.0
226,3471,Kota Yogyakarta,12.05,Kota Yogyakarta,100.0
227,3501,Pacitan,13.18,Kab. Pacitan,100.0
228,3502,Ponorogo,13.21,Kab. Ponorogo,100.0
229,3503,Trenggalek,13.27,Kab. Trenggalek,100.0
230,3504,Tulungagung,13.29,Kab. Tulungagung,100.0
231,3505,Blitar,13.03,Kab. Blitar,100.0
232,3506,Kediri,13.09,Kab. Kediri,100.0
233,3507,Malang,13.14,Kab. Malang,100.0
234,3508,Lumajang,13.11,Kab. Lumajang,100.0
235,3509,Jember,13.07,Kab. Jember,100.0
236,3510,Banyuwangi,13.02,Kab. Banyuwangi,100.0
237,3511,Bondowoso,13.05,Kab. Bondowoso,100.0
238,3512,Situbondo,13.25,Kab. Situbondo,100.0
239,3513,Probolinggo,13.22,Kab. Probolinggo,100.0
240,3514,Pasuruan,13.20,Kab. Pasuruan,100.0
241,3515,Sidoarjo,13.24,Kab. Sidoarjo,100.0
242,3516,Mojokerto,13.15,Kab. Mojokerto,100.0
243,3517,Jombang,13.08,Kab. Jombang,100.0
244,3518,Nganjuk,13.16,Kab. Nganjuk,100.0
245,3519,Madiun,13.12,Kab. Madiun,100.0
246,3520,Magetan,13.13,Kab. Magetan,100.0
247,3521,Ngawi,13.17,Kab. Ngawi,100.0
248,3522,Bojonegoro,13.04,Kab. Bojonegoro,100.0
249,3523,Tuban,13.28,Kab. Tuban,100.0
250,3524,Lamongan,13.10,Kab. Lamongan,100.0
251,3525,Gresik,13.06,Kab. Gresik,100.0
252,3526,Bangkalan,13.01,Kab. Bangkalan,100.0
253,3527,Sampang,13.23,Kab. Sampang,100.0
254,3528,Pamekasan,13.19,Kab. Pamekasan,100.0
255,3529,Sumenep,13.26,Kab. Sumenep,100.0
256,3571,Kota Kediri,13.09,Kab. Kediri,100.0
257,3572,Kota Blitar,13.03,Kab. Blitar,100.0
258,3573,Kota Malang,13.14,Kab. Malang,100.0
259,3574,Kota Probolinggo,13.22,Kab. Probolinggo,100.0
260,3575,Kota Pasuruan,13.20,Kab. Pasuruan,100.0
261,3576,Kota Mojokerto,13.15,Kab. Mojokerto,100.0
262,3577,Kota Madiun,13.12,Kab. Madiun,100.0
263,3578,Kota Surabaya,13.37,Kota Surabaya,100.0
264,3579,Kota Batu,13.38,Kota Batu,100.0
265,3601,Pandeglang,28.02,Kab. Pandeglang,100.0
266,3602,Lebak,28.01,Kab. Lebak,100.0
267,3603,Tangerang,28.04,Kab. Tangerang,100.0
268,3604,Serang,28.03,Kab. Serang,100.0
269,3671,Kota Tangerang,28.04,Kab. Tangerang,100.0
270,3672,Kota Cilegon,28.05,Kota Cilegon,100.0
271,3673,Kota Serang,28.03,Kab. Serang,100.0
272,3674,Kota Tangerang Selatan,28.08,Kota Tangerang Selatan,100.0
273,5101,Jembrana,22.05,Kab. Jembrana,100.0
274,5102,Tabanan,22.08,Kab. Tabanan,100.0
275,5103,Badung,22.01,Kab. Badung,100.0
276,5104,Gianyar,22.04,Kab. Gianyar,100.0
277,5105,Klungkung,22.07,Kab. Klungkung,100.0
278,5106,Bangli,22.02,Kab. Bangli,100.0
279,5107,Karangasem,22.06,Kab. Karangasem,100.0
280,5108,Buleleng,22.03,Kab. Buleleng,100.0
281,5171,Kota Denpasar,22.09,Kota Denpasar,100.0
282,5201,Lombok Barat,23.03,Kab. Lombok Barat,100.0
283,5202,Lombok Tengah,23.04,Kab. Lombok Tengah,100.0
284,5203,Lombok Timur,23.05,Kab. Lombok Timur,100.0
285,5204,Sumbawa,23.06,Kab. Sumbawa,100.0
286,5205,Dompu,23.02,Kab. Dompu,100.0
287,5206,Bima,23.01,Kab. Bima,100.0
288,5207,Sumbawa Barat,23.09,Kab. Sumbawa Barat,100.0
289,5208,Lombok Utara,23.10,Kab. Lombok Utara,100.0
290,5271,Kota Mataram,23.07,Kota Mataram,100.0
291,5272,Kota Bima,23.01,Kab. Bima,100.0
292,5301,Sumba Barat,24.10,Kab. Sumba Barat,100.0
293,5302,Sumba Timur,24.11,Kab. Sumba Timur,100.0
294,5303,Kupang,24.05,Kab. Kupang,100.0
295,5304,Timor Tengah Selatan,24.12,Kab. Timor Tengah Selatan,100.0
296,5305,Timor Tengah Utara,24.13,Kab. Timor Tengah Utara,100.0
297,5306,Belu,24.02,Kab. Belu,100.0
298,5307,Alor,24.01,Kab. Alor,100.0
299,5308,Lembata,24.06,Kab. Lembata,100.0
300,5309,Flores Timur,24.04,Kab. Flores Timur,100.0
301,5310,Sikka,24.09,Kab. Sikka,100.0
302,5311,Ende,24.03,Kab. Ende,100.0
303,5312,Ngada,24.08,Kab. Ngada,100.0
304,5313,Manggarai,24.07,Kab. Manggarai,100.0
305,5314,Rote Ndao,24.15,Kab. Rote Ndao,100.0
306,5315,Manggarai Barat,24.16,Kab. Manggarai Barat,100.0
307,5316,Sumba Tengah,24.19,Kab. Sumba Tengah,100.0
308,5317,Sumba Barat Daya,24.18,Kab. Sumba Barat Daya,100.0
309,5318,Nagekeo,24.17,Kab. Nagekeo,100.0
310,5319,Manggarai Timur,24.20,Kab. Manggarai Timur,100.0
311,5320,Sabu Raijua,24.21,Kab. Sabu Raijua,100.0
312,5321,Malaka,24.22,Kab. Malaka,100.0
313,5371,Kota Kupang,24.05,Kab. Kupang,100.0
314,6101,Sambas,14.06,Kab. Sambas,100.0
315,6102,Bengkayang,14.01,Kab. Bengkayang,100.0
316,6103,Landak,14.02,Kab. Landak,100.0
317,6104,Mempawah,14.05,Kab. Mempawah,100.0
318,6105,Sanggau,14.07,Kab. Sanggau,100.0
319,6106,Ketapang,14.04,Kab. Ketapang,100.0
320,6107,Sintang,14.08,Kab. Sintang,100.0
321,6108,Kapuas Hulu,14.03,Kab. Kapuas Hulu,100.0
322,6109,Sekadau,14.11,Kab. Sekadau,100.0
323,6110,Melawi,14.12,Kab. Melawi,100.0
324,6111,Kayong Utara,14.13,Kab. Kayong Utara,100.0
325,6112,Kubu Raya,14.14,Kab. Kubu Raya,100.0
326,6171,Kota Pontianak,14.09,Kota Pontianak,100.0
327,6172,Kota Singkawang,14.10,Kota Singkawang,100.0
328,6201,Kotawaringin Barat,15.04,Kab. Kotawaringin Barat,100.0
329,6202,Kotawaringin Timur,15.05,Kab. Kotawaringin Timur,100.0
330,6203,Kapuas,15.03,Kab. Kapuas,100.0
331,6204,Barito Selatan,15.01,Kab. Barito Selatan,100.0
332,6205,Barito Utara,15.02,Kab. Barito Utara,100.0
333,6206,Sukamara,15.09,Kab. Sukamara,100.0
334,6207,Lamandau,15.10,Kab. Lamandau,100.0
335,6208,Seruyan,15.08,Kab. Seruyan,100.0
336,6209,Katingan,15.07,Kab. Katingan,100.0
337,6210,Pulang Pisau,15.12,Kab. Pulang Pisau,100.0
338,6211,Gunung Mas,15.11,Kab. Gunung Mas,100.0
339,6212,Barito Timur,15.14,Kab. Barito Timur,100.0
340,6213,Murung Raya,15.13,Kab. Murung Raya,100.0
341,6271,Kota Palangka Raya,15.06,Kota Palangkaraya,96.0
342,6301,Tanah Laut,16.08,Kab. Tanah Laut,100.0
343,6302,Kota Baru,16.06,Kab. Kotabaru,100.0
344,6303,Banjar,10.25,Kota Banjar,100.0
345,6304,Barito Kuala,16.02,Kab. Barito Kuala,100.0
346,6305,Tapin,16.09,Kab. Tapin,100.0
347,6306,Hulu Sungai Selatan,16.03,Kab. Hulu Sungai Selatan,100.0
348,6307,Hulu Sungai Tengah,16.04,Kab. Hulu Sungai Tengah,100.0
349,6308,Hulu Sungai Utara,16.05,Kab. Hulu Sungai Utara,100.0
350,6309,Tabalong,16.07,Kab. Tabalong,100.0
351,6310,Tanah Bumbu,16.13,Kab. Tanah Bumbu,100.0
352,6311,Balangan,16.12,Kab. Balangan,100.0
353,6371,Kota Banjarmasin,16.11,Kota Banjarmasin,100.0
354,6372,Kota Banjar Baru,16.10,Kota Banjarbaru,95.23809523809523
355,6401,Paser,17.08,Kab. Paser,100.0
356,6402,Kutai Barat,17.04,Kab. Kutai Barat,100.0
357,6403,Kutai Kartanegara,17.03,Kab. Kutai Kartanegara,100.0
358,6404,Kutai Timur,17.05,Kab. Kutai Timur,100.0
359,6405,Berau,17.01,Kab. Berau,100.0
360,6409,Penajam Paser Utara,17.13,Kab. Penajam Paser Utara,100.0
361,6411,Mahakam Ulu,17.15,Kab. Mahakam Ulu,100.0
362,6471,Kota Balikpapan,17.09,Kota Balikpapan,100.0
363,6472,Kota Samarinda,17.11,Kota Samarinda,100.0
364,6474,Kota Bontang,17.10,Kota Bontang,100.0
365,6501,Malinau,34.02,Kab. Malinau,100.0
366,6502,Bulungan,34.01,Kab. Bulungan,100.0
367,6503,Tana Tidung,34.05,Kab. Tana Tidung,100.0
368,6504,Nunukan,34.03,Kab. Nunukan,100.0
369,6571,Kota Tarakan,34.04,Kota Tarakan,100.0
370,7101,Bolaang Mongondow,18.01,Kab. Bolaang Mongondow,100.0
371,7102,Minahasa,18.02,Kab. Minahasa,100.0
372,7103,Kepulauan Sangihe,18.03,Kab. Sangihe,-1.0
373,7104,Kepulauan Talaud,18.06,Kab. Kepulauan Talaud,100.0
374,7105,Minahasa Selatan,18.07,Kab. Minahasa Selatan,100.0
375,7106,Minahasa Utara,18.09,Kab. Minahasa Utara,100.0
376,7107,Bolaang Mongondow Utara,18.12,Kab. Bolaang Mongondow Utara,100.0
377,7108,Siau Tagulandang Biaro,18.10,Kab. Kep. Siau Tagulandang Biaro,89.79591836734694
378,7109,Minahasa Tenggara,18.13,Kab. Minahasa Tenggara,100.0
379,7110,Bolaang Mongondow Selatan,18.15,Kab. Bolaang Mongondow Selatan,100.0
380,7111,Bolaang Mongondow Timur,18.14,Kab. Bolaang Mongondow Timur,100.0
381,7171,Kota Manado,18.05,Kota Manado,100.0
382,7172,Kota Bitung,18.04,Kota Bitung,100.0
383,7173,Kota Tomohon,18.08,Kota Tomohon,100.0
384,7174,Kota Kotamobagu,18.11,Kota Kotamobagu,100.0
385,7201,Banggai Kepulauan,19.02,Kab. Banggai Kepulauan,100.0
386,7202,Banggai,19.01,Kab. Banggai,100.0
387,7203,Morowali,19.06,Kab. Morowali,100.0
388,7204,Poso,19.07,Kab. Poso,100.0
389,7205,Donggala,19.05,Kab. Donggala,100.0
390,7206,Toli-Toli,19.04,Kab. Toli-Toli,100.0
391,7207,Buol,19.03,Kab. Buol,100.0
392,7208,Parigi Moutong,19.09,Kab. Parigi Moutong,100.0
393,7209,Tojo Una-Una,19.10,Kab. Tojo Una Una,91.66666666666666
394,7210,Sigi,19.11,Kab. Sigi,100.0
395,7211,Banggai Laut,19.12,Kab. Banggai Laut,100.0
396,7212,Morowali Utara,19.13,Kab. Morowali Utara,100.0
397,7271,Kota Palu,19.08,Kota Palu,100.0
398,7301,Kepulauan Selayar,20.16,Kab. Kepulauan Selayar,100.0
399,7302,Bulukumba,20.04,Kab. Bulukumba,100.0
400,7303,Bantaeng,20.01,Kab. Bantaeng,100.0
401,7304,Jeneponto,20.07,Kab. Jeneponto,100.0
402,7305,Takalar,20.20,Kab. Takalar,100.0
403,7306,Gowa,20.06,Kab. Gowa,100.0
404,7307,Sinjai,20.15,Kab. Sinjai,100.0
405,7308,Maros,20.10,Kab. Maros,100.0
406,7309,Pangkajene dan Kepulauan,20.11,Kab. Pangkajene Kepulauan,90.9090909090909
407,7310,Barru,20.02,Kab. Barru,100.0
408,7311,Bone,20.03,Kab. Bone,100.0
409,7312,Soppeng,20.19,Kab. Soppeng,100.0
410,7313,Wajo,20.22,Kab. Wajo,100.0
411,7314,Sidenreng Rappang,20.17,Kab. Sidenreng Rappang,100.0
412,7315,Pinrang,20.14,Kab. Pinrang,100.0
413,7316,Enrekang,20.05,Kab. Enrekang,100.0
414,7317,Luwu,20.08,Kab. Luwu,100.0
415,7318,Tana Toraja,20.21,Kab. Tana Toraja,100.0
416,7322,Luwu Utara,20.09,Kab. Luwu Utara,100.0
417,7325,Luwu Timur,20.13,Kab. Luwu Timur,100.0
418,7326,Toraja Utara,20.25,Kab. Toraja Utara,100.0
419,7371,Kota Makasar,20.24,Kota Makassar,93.33333333333333
420,7372,Kota Parepare,20.23,Kota Pare-pare,94.11764705882352
421,7373,Kota Palopo,20.12,Kota Palopo,100.0
422,7401,Buton,21.01,Kab. Buton,100.0
423,7402,Muna,21.04,Kab. Muna,100.0
424,7403,Konawe,21.02,Kab. Konawe,100.0
425,7404,Kolaka,21.03,Kab. Kolaka,100.0
426,7405,Konawe Selatan,21.07,Kab. Konawe Selatan,100.0
427,7406,Bombana,21.08,Kab. Bombana,100.0
428,7407,Wakatobi,21.09,Kab. Wakatobi,100.0
429,7408,Kolaka Utara,21.10,Kab. Kolaka Utara,100.0
430,7409,Buton Utara,21.12,Kab. Buton Utara,100.0
431,7410,Konawe Utara,21.11,Kab. Konawe Utara,100.0
432,7411,Kolaka Timur,21.14,Kab. Kolaka Timur,100.0
433,7412,Konawe Kepulauan,21.13,Kab. Konawe Kepulauan,100.0
434,7413,Muna Barat,21.15,Kab. Muna Barat,100.0
435,7414,Buton Tengah,21.16,Kab. Buton Tengah,100.0
436,7415,Buton Selatan,21.17,Kab. Buton Selatan,100.0
437,7471,Kota Kendari,21.05,Kota Kendari,100.0
438,7472,Kota Baubau,21.06,Kota Baubau,100.0
439,7501,Boalemo,30.01,Kab. Boalemo,100.0
440,7502,Gorontalo,30.00,Provinsi Gorontalo,100.0
441,7503,Pohuwato,30.04,Kab. Pohuwato,100.0
442,7504,Bone Bolango,30.05,Kab. Bone Bolango,100.0
443,7505,Gorontalo Utara,30.06,Kab. Gorontalo Utara,100.0
444,7571,Kota Gorontalo,30.00,Provinsi Gorontalo,100.0
445,7601,Majene,33.01,Kab. Majene,100.0
446,7602,Polewali Mandar,33.03,Kab. Polewali Mandar,100.0
447,7603,Mamasa,33.04,Kab. Mamasa,100.0
448,7604,Mamuju,33.02,Kab. Mamuju,100.0
449,7605,Mamuju Utara,33.05,Kab. Pasangkayu,-1.0
450,7606,Mamuju Tengah,33.06,Kab. Mamuju Tengah,100.0
451,8101,Maluku Tenggara Barat,25.01,Kab. Kepulauan Tanimbar,-1.0
452,8102,Maluku Tenggara,25.03,Kab. Maluku Tenggara,100.0
453,8103,Maluku Tengah,25.02,Kab. Maluku Tengah,100.0
454,8104,Buru,25.04,Kab. Buru,100.0
455,8105,Kepulauan Aru,25.08,Kab. Kepulauan Aru,100.0
456,8106,Seram Bagian Barat,25.06,Kab. Seram Bagian Barat,100.0
457,8107,Seram Bagian Timur,25.07,Kab. Seram Bagian Timur,100.0
458,8108,Maluku Barat Daya,25.10,Kab. Maluku Barat Daya,100.0
459,8109,Buru Selatan,25.11,Kab. Buru Selatan,100.0
460,8171,Kota Ambon,25.05,Kota Ambon,100.0
461,8172,Kota Tual,25.09,Kota Tual,100.0
462,8201,Halmahera Barat,27.03,Kab. Halmahera Barat,100.0
463,8202,Halmahera Tengah,27.01,Kab. Halmahera Tengah,100.0
464,8203,Kepulauan Sula,27.07,Kab. Kepulauan Sula,100.0
465,8204,Halmahera Selatan,27.05,Kab. Halmahera Selatan,100.0
466,8205,Halmahera Utara,27.06,Kab. Halmahera Utara,100.0
467,8206,Halmahera Timur,27.04,Kab. Halmahera Timur,100.0
468,8207,Pulau Morotai,27.09,Kab. Pulau Morotai,100.0
469,8208,Pulau Taliabu,27.10,Kab. Pulau Taliabu,100.0
470,8271,Kota Ternate,27.02,Kota Ternate,100.0
471,8272,Kota Tidore Kepulauan,27.08,Kota Tidore Kepulauan,100.0
472,9101,Fakfak,32.01,Kab. Fak Fak,92.3076923076923
473,9102,Kaimana,32.09,Kab. Kaimana,100.0
474,9103,Teluk Wondama,32.08,Kab. Teluk Wondama,100.0
475,9104,Teluk Bintuni,32.07,Kab. Teluk Bintuni,100.0
476,9105,Manokwari,32.02,Kab. Manokwari,100.0
477,9111,Manokwari Selatan,32.12,Kab. Manokwari Selatan,100.0
478,9112,Pegunungan Arfak,32.13,Kab. Pegunungan Arfak,100.0
479,9201,Raja Ampat,32.05,Kab. Raja Ampat,100.0
480,9202,Sorong,32.03,Kab. Sorong,100.0
481,9203,Sorong Selatan,32.06,Kab. Sorong Selatan,100.0
482,9204,Maybrat,32.10,Kab. Maybrat,100.0
483,9205,Tambrauw,32.11,Kab. Tambrauw,100.0
484,9271,Kota Sorong,32.03,Kab. Sorong,100.0
485,9403,Jayapura,26.02,Kab. Jayapura,100.0
486,9408,Kepulauan Yapen,26.09,Kab. Kepulauan Yapen,100.0
487,9409,Biak Numfor,26.01,Kab. Biak Numfor,100.0
488,9419,Sarmi,26.11,Kab. Sarmi,100.0
489,9420,Keerom,26.12,Kab. Keerom,100.0
490,9426,Waropen,26.19,Kab. Waropen,100.0
491,9427,Supiori,26.20,Kab. Supiori,100.0
492,9428,Mamberamo Raya,26.21,Kab. Mamberamo Raya,100.0
493,9471,Kota Jayapura,26.02,Kab. Jayapura,100.0
494,9501,Merauke,26.04,Kab. Merauke,100.0
495,9502,Boven Digoel,26.16,Kab. Boven Digoel,100.0
496,9503,Mappi,26.17,Kab. Mappi,100.0
497,9504,Asmat,26.18,Kab. Asmat,100.0
498,9601,Mimika,26.05,Kab. Mimika,100.0
499,9602,Dogiyai,26.26,Kab. Dogiyai,100.0
500,9603,Deiyai,26.29,Kab. Deiyai,100.0
501,9604,Nabire,26.06,Kab. Nabire,100.0
502,9605,Paniai,26.07,Kab. Paniai,100.0
503,9606,Intan Jaya,26.28,Kab. Intan Jaya,100.0
504,9607,Puncak,26.27,Kab. Puncak,100.0
505,9608,Puncak Jaya,26.08,Kab. Puncak Jaya,100.0
506,9701,Nduga,26.25,Kab. Nduga,100.0
507,9702,Jayawijaya,26.03,Kab. Jayawijaya,100.0
508,9703,Lanny Jaya,26.24,Kab. Lanny Jaya,100.0
509,9704,Tolikara,26.15,Kab. Tolikara,100.0
510,9705,Mamberamo Tengah,26.22,Kab. Mamberamo Tengah,100.0
511,9706,Yalimo,26.23,Kab. Yalimo,100.0
512,9707,Yahukimo,26.13,Kab. Yahukimo,100.0
513,9708,Pegunungan Bintang,26.14,Kab. Pegunungan Bintang,100.0
